Alias,Customer ID
ACE INOTEC MANUFACTURING PVT. LTD,C004
ADVIK HI-TECH PVT.LTD,C005
ADVIK HI-TECH-PVT.LTD,C005
ADVIK HII-TECH PVT.LTD,C005
ADVIK-HI-TECH PVT.LTD,C005
BRAKES INDIA PVT.LTD,C018
BRIGHT PRECISION MACHINING WORKS PVT LTD,C019
BRIGIHT PRECISION MACHINING WORKS PVT LTD,C019
CIE AUTOMOTIVE INDIA LTD,C022
MAHINDRA CIE AUTOMOTIVE LTD,C022
DAVI ENGINEERING PRIVATE LIMITED,C026
DAVI ENGINEERING PVT LTD,C026
DIVGI TOEQTRANSFER SYSTEM PVT.LTD,C027
DIVGI TOROTRANSFER SYSTEMS LTD,C027
DIVGI TOROTRANSFER SYSTEMS PVT. LTD,C027
DIVGI TOROTRANSFER SYSTEMS PVT.LTD,C027
DIVGI TORQTRANSFEF.-SYSTEMS PVT. LTD,C027
DIVGI TORQTRANSFER SYSTEM LTD,C027
DIVGI TORQTRANSFER SYSTEM PVTLTD,C027
DIVGI TORQTRANSFER SYSTEMS LTD,C027
DIVGI TORQTRANSFER SYSTEMS PVT. LTD,C027
DIVGI TORQTRANSFER SYSTEMS PVT.' LTD,C027
DIVGI TORQTRANSFER SYSTEMS PVT.'LTD,C027
DIVGI TORQTRANSFER SYSTEMSPVT. LTD,C027
DIVGI TOSQTRANSFER SYSTEMS PVT. LTD,C027
DIVGITORQTRANSFER SYSTEMS LTD,C027
DIVGITORQTRANSFER SYSTEMS PVT. LTD,C027
SYSTEMS PVT. LTD,C027
TORQTRANSFER SYSTEMS PVT. LTD,C027
ECEARZ PVT. LTD,C029
EGEAR.Z PVT. LTD,C029
EGEAR2 PVT. LTD,C029
EGEARZ PVT. LTD,C029
EGEARZPVT. LTD,C029
FGEARZ PVT. LTD,C029
GEARZF'VT.LTD,C029
ENDURANCE TECHNOLOGIES LTD,C030
FCI OEN CONNECTORS LTD,C031
BOYCE MFG. CO. LTD,C038
GODREI & BOYCE MFG. CO LTD,C038
GODREI & BOYCE MFG. CO. LTD,C038
GODREI& BOYCE MFG..CO. LTD,C038
GODREJ & BOYCE MFG. CD. LTD,C038
GODREJ & BOYCE MFG. CO. LTD,C038
GODREJ & BOYCE MFG. CO._LTD,C038
GODREJ & BOYCE MFG. CO_LTD,C038
GODREJ & BOYCE MFG.CO. LTD,C038
GODREJ & BOYCEMFG. CO. LTD,C038
GODREJ & DOYCE MFG. CO. LTD,C038
GODREJ & SOYCE MFG. CO. LTD,C038
GODREJ &-BOYEERMFG. CO. LTD,C038
GODREJ &. BOYCE MFG. CO. LTD,C038
GODREJ&BOYCEIMFG.CO. LTD,C038
GODREJI & BOYCE MFG. CO. LTD,C038
GOREJ & BOYCE MFG. CO. LTD,C038
HELICAL AUTO TECHNOLOGY INDIA PVT.LTD,C040
JAYA HIND INDUSTRIES PVT LTD,C048
KOTECHA STEEL FORGE AND CAST IND.PVT.LTD,C051
IGW INDIA TECHNOLOGIES PVT.LTD,C052
LUCY ELECTRIC MFG. & TECHNOLOGIES INDIA PVT LTD,C052
LUCY ELECTRIC MIFG. & TECHNOLOGIES INDIA PVT LTD,C052
MADRAS ENGINEERING INDUSTRIES PVT.LTD,C054
MASTER GASKET PVT.LTD,C057
MASTER GASKET-PVT.LTD,C057
MASTES GASKET PVT.LTD,C057
MEMCO ENGINEERING PVT.LTD,C059
METALYST FORGING LTD,C061
METALYST FORSINGLTD,C061
MUBEA AUTOMOTIVE COMPONENTS INDIA PVT. LTD,C063
PTI ENGINEERING TECHNOLOGIES PRIVATE LIMITED,C074
PTI ENGINIEERING TECHNOLOGIES PRIVATE LIMITED,C074
PTIENGINEERING TECHNOLOGIES PRIVATE LIMITED,C074
PTTENGINEERINGTECHNOLOGIES PRIVATE LIMITED,C074
PDRITE INDIA PVT.LTD,C071
PORITE INDIA PVT.LTD,C071
PRIME SINTEK PVT.LTD,C073
PRIME SINTER-PVT.LTD,C073
RANDACK FASTENERS INDIA PVT.LTD,C076
RAPID MACHINING TECHINOLOGIES PVT LTD,C077
RAPID MACHINING TECHNOLOGIES PVT LTD,C077
RAPID MACHININGTECHNOLOGIES PVT LTD,C077
SKF INDIA LTD,C088
SKF INDIA.LTD,C088
HELICAL AUTO TECHINOLOGY INDIA PVT.LTD,C091
SCHAEFFLER INDIA LTD,C083
SHEFIELD TECHNOPLAST PVT LTD,C084
SHEFIELDITEEHNDPEAST PVT LTD,C084
SFECIALITY SINTERED PRODUCTS PVT LTD,C089
SPECIALITY SINFERED PRODUCTS PVT LTD,C089
SPECIALITY SINTERED PRGDUCTS PVT LTD,C089
SPECIALITY SINTERED PRO.PVT.LTD,C089
SPECIALITY SINTERED PRODUCTS PVT LTD,C089
SPECIALITY SINTERED-PRODUCTS PVT LTD,C089
SPECIALITY SINTERED.PRODUCTS PVT LTD,C089
SPECIAUITY SINTERED PRODUCTS PVT LTD,C089
SRECIALITY SINTERED PRODUCTS PVT LTD,C089
SUNDRAM FASTENERS LTD,C095
VARROC ENGINEERING LTD,C104
AUTOMOBILE PVT. LTD,C106
VENIKATESH -AUTOMOBILE-PVT. LTD,C106
VENIKATESH AUTOMOBILE PVT. LTD,C106
VENIKATFSH AUTOMOBILE PVT. LTD,C106
VENKAFESH AUTOMOBILE PVT. LTD,C106
VENKATBSH-AUTOMOBILEIPVT. LTD,C106
VENKATESH AUTOMOBILE PVT. LTD,C106
VENKATESH AUTOMOBILE PVT.LTD,C106
VENKATESH AUTOMOEILE PVT. LTD,C106
VENKATESH AUTOMOGILE PVT. LTD,C106
VENKATESH A_JTOMOBILE PVT. LTD,C106
VENKATESH-AUTOMOBILE PVT. LTD,C106
VENKATESH-AUTOMOBILEPVT. LTD,C106
VENKAYESH AUTOMOBILE PVT. LTD,C106
VUBNKATESH AUTOMOBILE PVT. LTD,C106
VISHAL ENGINEERS PVT.LTD,C107
WESTERN INDIA FORGINGS PVT.LTD,C108
GKN DRIVELINE (INDIA) LIMITED,C037
GKN Driveline India Limited,C037
GKN DRIVELINE INDIA LTD,C037
GKy Driyeline Indla Limited,C037
GIKN Driveline India Limited,C037
GKN Priveline India Limited,C037
KN Driveline India Limited,C037
GXN Driveline India Limited,C037
KN DRIVELINE INDIA LTD,C037
GKN Drivaline India Limited,C037
GKN DRIVEUNE (INDIA) LIMITED,C037
SKN Driveline India Limited,C037
Nexteer Automotive India Pvt. Ltd,C132
NEXTEER AUTOMOTIVE INDIA PRIVATE LIMITED,C132
Nexteer Automotive Inaia Pvt. Ltd,C132
Nexteer Automotive India Pyt. Ltd,C132
lexteer Automotive India Pvt. Ltd,C132
exteer Automotive India Pvt. Ltd,C132
Exedy India Limited,C045
Hyundai Wia India Pvt. Ltd,C046
DUNUNG INDUSTRIES PVT.LTD,C028
NATIONAL ENGINEERING INDUSTRIES LTD,C065
TATA PRECISION INDUSTRIES (INDIA) LTD,C097
